centroid_id,omega,amp_mean,weight_mean
0,1.8050000000000002,0.029367794260880244,0.0033681390152508484
1,3.0250000000000004,0.026938811048176112,0.001327108764057931
2,0.020000000000000018,1.1057288802809104,0.0026708894548692044
3,4.2700000000000005,0.026086968616985944,0.0004892782418408161
4,0.5650000000000002,0.07056657575973965,0.002890779207408143
