centroid_id,omega,amp_mean,weight_mean
0,1.3450000000000006,0.04593037310647525,0.003115085356908031
1,3.83,0.02637901776719906,0.0007482339069169724
2,0.020000000000000018,1.1057288802809104,0.0026708894548692044
