centroid_id,omega,amp_mean,weight_mean
0,3.9000000000000004,0.026325822150459813,0.0006770457058148003
1,2.04,0.028630722721643857,0.0031257795308068425
2,0.020000000000000018,1.1057288802809104,0.0026708894548692044
3,0.6600000000000004,0.0647326488237476,0.0029629401719879073
